<?xml version="1.0"?>
<ruleset>
	<rule ref="./vendor/mediawiki/mediawiki-codesniffer/MediaWiki">
		<exclude name="MediaWiki.Commenting.FunctionComment.NoParamType" />
		<exclude name="MediaWiki.Commenting.FunctionComment.SpacingAfterParamType" />
		<exclude name="MediaWiki.Commenting.PropertyDocumentation.MissingDocumentationPrivate" />
		<exclude name="MediaWiki.Commenting.PropertyDocumentation.WrongStyle" />
		<exclude name="MediaWiki.Commenting.RedundantVarName.Found" />
		<exclude name="MediaWiki.PHPUnit.AssertionOrder.WrongOrder" />
		<exclude name="MediaWiki.PHPUnit.SetMethods.SetMethods" />
		<exclude name="MediaWiki.Usage.StaticClosure.StaticClosure" />
		<exclude name="MediaWiki.WhiteSpace.SpaceBeforeSingleLineComment.NewLineComment" />
		<exclude name="PSR12.Functions.ReturnTypeDeclaration.SpaceBeforeColon" />
	</rule>
	<file>.</file>
	<arg name="extensions" value="php"/>
	<arg name="encoding" value="UTF-8"/>
</ruleset>
